Toyota,2000,2000,Germany
Porchse,5234,2006,Korea
Chevrolet,2010,2010,Germany
Lexus,2016,2004,Japan
BMW,20053,2001,Germany
TaTa,1413,2001,India
Mercedes,41243,2006,Germany
Mercedes,1243,2006,Germany
Mercedes,234,2007,Germany
Mercedes,243,2009,Germany
Mercedes,1243,2004,Germany
Porchse,412,2005,Germany
Porchse,5234,2004,Germany
Bugatti,2341,2019,German
Bugatti,5243,2016,German
Bugatti,345,2010,German
Bugatti,2345,2018,German
Bugatti,2345,2020,German
Bugatti,2345,2015,German
Chevrolet,4234,2009,USA
Chevrolet,1234,2005,USA
Ferrari,2345,2020,Italy
Ferrari,10467,2019,Italy
Ferrari,1856,2018,Italy
Ferrari,6005,2017,Italy
Ferrari,54635,2018,Italy
Ferrari,859,2015,Italy
Bugatti,3231,2016,German
Bugatti,7456,2016,German
TaTa,7457,2017,India
TaTa,7458,2018,India
TaTa,7459,2019,India
TaTa,7460,2020,India
TaTa,7461,2021,India
TaTa,7462,2022,India
Toyota,7466,2003,Japan
Toyota,7467,2004,Japan
Toyota,7468,2005,Japan
Lexus,7469,2006,Japan
Lexus,7470,2007,Japan
Lexus,7471,2008,Japan
Lexus,7472,2009,Japan
Bugatti,2341,2019,German
Bugatti,5243,2016,German
Bugatti,345,2010,German
Bugatti,2345,2018,German
Bugatti,2345,2020,German
Bugatti,2345,2015,German
